model;AC_norm;BC_norm;angle_rad;angle_deg
ResNet8;3.875229e+01;3.868528e+01;1.211135e+00;69.392947
ResNet26;4.915702e+01;4.849026e+01;1.087526e+00;62.310644
ResNet38;4.977663e+01;5.336667e+01;1.095705e+00;62.779255
ResNet65;5.040259e+01;4.995597e+01;9.933027e-01;56.912052